2,Add Two Numbers,33.90%,Medium, https://leetcode.com/problems/add-two-numbers
21,Merge Two Sorted Lists,53.50%,Easy, https://leetcode.com/problems/merge-two-sorted-lists
53,Maximum Subarray,46.50%,Easy, https://leetcode.com/problems/maximum-subarray
66,Plus One,43.00%,Easy, https://leetcode.com/problems/plus-one
98,Validate Binary Search Tree,27.80%,Medium, https://leetcode.com/problems/validate-binary-search-tree
138,Copy List with Random Pointer,36.40%,Medium, https://leetcode.com/problems/copy-list-with-random-pointer
203,Remove Linked List Elements,38.60%,Easy, https://leetcode.com/problems/remove-linked-list-elements
204,Count Primes,31.50%,Easy, https://leetcode.com/problems/count-primes
228,Summary Ranges,39.50%,Medium, https://leetcode.com/problems/summary-ranges
273,Integer to English Words,27.10%,Hard, https://leetcode.com/problems/integer-to-english-words
290,Word Pattern,37.00%,Easy, https://leetcode.com/problems/word-pattern
322,Coin Change,35.50%,Medium, https://leetcode.com/problems/coin-change
328,Odd Even Linked List,55.70%,Medium, https://leetcode.com/problems/odd-even-linked-list
412,Fizz Buzz,62.30%,Easy, https://leetcode.com/problems/fizz-buzz
814,Binary Tree Pruning,74.50%,Medium, https://leetcode.com/problems/binary-tree-pruning
1071,Greatest Common Divisor of Strings,52.90%,Easy, https://leetcode.com/problems/greatest-common-divisor-of-strings
1390,Four Divisors,38.10%,Medium, https://leetcode.com/problems/four-divisors
